Player,Team,Nation,Position,Actual_Transfer_Value_M,Predicted_Transfer_Value_M
Erling Haaland,Manchester City,NOR,Forward,198.8,126.67
Martin Ødegaard,Arsenal,NOR,Midfielder,126.5,116.66
Cole Palmer,Chelsea,ENG,Midfielder,115.4,104.85
Omar Marmoush,Manchester City,EGY,Forward,79.1,97.53
Sávio,Manchester City,BRA,Forward,74.8,95.21
Ryan Gravenberch,Liverpool,NED,Midfielder,85.3,91.74
Alexis Mac Allister,Liverpool,ARG,Midfielder,106.1,88.36
Declan Rice,Arsenal,ENG,Midfielder,107.8,87.43
Enzo Fernández,Chelsea,ARG,Midfielder,73.7,85.68
Phil Foden,Manchester City,ENG,Midfielder,105.7,83.52
Moisés Caicedo,Chelsea,ECU,Midfielder,80.7,80.7
Jeremy Doku,Manchester City,BEL,Forward,66.2,78.55
Joško Gvardiol,Manchester City,CRO,Defender,78.7,74.54
Emile Smith Rowe,Fulham,ENG,Midfielder,40.8,72.95
Nicolas Jackson,Chelsea,SEN,Forward,66.2,71.69
Dominik Szoboszlai,Liverpool,HUN,Midfielder,71.4,71.4
Bukayo Saka,Arsenal,ENG,Forward,101.3,70.9
Kai Havertz,Arsenal,GER,Forward,70.5,70.77
Bruno Guimarães,Newcastle Utd,BRA,Midfielder,83.2,69.88
Ethan Nwaneri,Arsenal,ENG,Forward,74.3,69.1
Curtis Jones,Liverpool,ENG,Midfielder,61.7,68.31
Alejandro Garnacho,Manchester Utd,ARG,Midfielder,60.7,67.43
Rico Lewis,Manchester City,ENG,Defender,62.7,66.91
Morgan Rogers,Aston Villa,ENG,Forward,69.0,65.87
Malo Gusto,Chelsea,FRA,Defender,32.8,64.98
João Pedro,Brighton,BRA,Forward,61.3,64.49
Jack Grealish,Manchester City,ENG,Forward,43.5,64.45
João Gomes,Wolves,BRA,Midfielder,51.1,63.43
Murillo,Nott'ham Forest,BRA,Defender,68.4,62.16
Matheus Cunha,Wolves,BRA,Midfielder,62.6,61.87
Milos Kerkez,Bournemouth,HUN,Defender,61.5,61.5
Gabriel Martinelli,Arsenal,BRA,Forward,62.6,61.14
Noni Madueke,Chelsea,ENG,Forward,51.6,61.04
Mohamed Salah,Liverpool,EGY,Forward,38.5,60.83
Mathys Tel,Tottenham,FRA,Forward,56.4,60.57
James Maddison,Tottenham,ENG,Midfielder,58.1,59.32
Cody Gakpo,Liverpool,NED,Forward,67.5,59.29
Leandro Trossard,Arsenal,BEL,Forward,31.8,59.21
Joshua Zirkzee,Manchester Utd,NED,Forward,43.7,59.12
Liam Delap,Ipswich Town,ENG,Forward,37.0,59.06
Rúben Dias,Manchester City,POR,Defender,58.5,58.78
Ollie Watkins,Aston Villa,ENG,Forward,61.4,58.76
Gabriel Magalhães,Arsenal,BRA,Defender,75.5,58.71
Mikel Merino,Arsenal,ESP,Midfielder,40.5,58.55
Dejan Kulusevski,Tottenham,SWE,Midfielder,60.5,57.18
Leny Yoro,Manchester Utd,FRA,Defender,71.0,57.08
Lucas Paquetá,West Ham,BRA,Midfielder,71.2,56.78
Amad Diallo,Manchester Utd,CIV,Forward,48.5,56.33
Morgan Gibbs-White,Nott'ham Forest,ENG,Midfielder,61.7,56.05
William Saliba,Arsenal,FRA,Defender,79.5,55.93
Luis Díaz,Liverpool,COL,Forward,71.0,55.19
Darwin Núñez,Liverpool,URU,Forward,60.9,54.94
Adam Wharton,Crystal Palace,ENG,Midfielder,48.9,54.49
Jean-Ricner Bellegarde,Wolves,FRA,Midfielder,21.3,54.14
Kobbie Mainoo,Manchester Utd,ENG,Midfielder,66.0,53.91
Alexander Isak,Newcastle Utd,SWE,Forward,120.3,53.84
Destiny Udogie,Tottenham,ITA,Defender,59.4,53.84
Harvey Elliott,Liverpool,ENG,Midfielder,48.5,53.19
Jurriën Timber,Arsenal,NED,Defender,65.5,53.12
Carlos Baleba,Brighton,CMR,Midfielder,52.4,52.4
Christopher Nkunku,Chelsea,FRA,Forward,51.7,52.0
Dean Huijsen,Bournemouth,ESP,Defender,55.0,51.85
Trent Alexander-Arnold,Liverpool,ENG,Defender,55.8,51.4
Pedro Neto,Chelsea,POR,Forward,60.6,51.34
Kevin De Bruyne,Manchester City,BEL,Midfielder,20.1,51.25
Levi Colwill,Chelsea,ENG,Defender,56.6,50.88
Diogo Jota,Liverpool,POR,Forward,58.6,50.44
Lisandro Martínez,Manchester Utd,ARG,Defender,49.2,50.38
Elliot Anderson,Nott'ham Forest,ENG,Midfielder,46.5,50.35
Dominic Solanke,Tottenham,ENG,Forward,52.1,50.33
Evan Ferguson,West Ham,IRL,Forward,48.5,50.22
Maxence Lacroix,Crystal Palace,FRA,Defender,27.7,50.17
Bryan Mbeumo,Brentford,CMR,Forward,57.2,49.9
Lewis Miley,Newcastle Utd,ENG,Midfielder,28.5,49.32
Bruno Fernandes,Manchester Utd,POR,Midfielder,54.8,49.28
Rasmus Højlund,Manchester Utd,DEN,Forward,54.9,49.11
Brajan Gruda,Brighton,GER,Forward,29.4,48.71
Manuel Ugarte Ribeiro,Manchester Utd,URU,Midfielder,60.4,48.61
Abdukodir Khusanov,Manchester City,UZB,Defender,48.4,48.4
Mykhailo Mudryk,Chelsea,UKR,Forward,37.8,48.3
Pedro Porro,Tottenham,ESP,Defender,55.9,48.11
Matheus Nunes,Manchester City,POR,Defender,42.3,48.05
Dwight McNeil,Everton,ENG,Midfielder,27.0,47.93
Yankuba Minteh,Brighton,GAM,Forward,42.6,47.9
Julio Enciso,Ipswich Town,PAR,Forward,24.9,47.86
Anthony Gordon,Newcastle Utd,ENG,Forward,49.5,47.81
Brennan Johnson,Tottenham,WAL,Forward,71.3,47.76
Marc Guéhi,Crystal Palace,ENG,Defender,54.2,47.56
Riccardo Calafiori,Arsenal,ITA,Defender,49.3,47.37
Georginio Rutter,Brighton,FRA,Midfielder,41.3,46.93
Eberechi Eze,Crystal Palace,ENG,Midfielder,62.2,46.78
Illia Zabarnyi,Bournemouth,UKR,Defender,58.8,46.47
Youri Tielemans,Aston Villa,BEL,Midfielder,41.5,45.95
Amadou Onana,Aston Villa,BEL,Midfielder,62.1,45.65
Roméo Lavia,Chelsea,BEL,Midfielder,54.6,45.48
Archie Gray,Tottenham,ENG,Defender,58.2,45.26
Mohammed Kudus,West Ham,GHA,Forward,61.7,44.54
Myles Lewis-Skelly,Arsenal,ENG,Defender,34.9,44.52
Ibrahima Konaté,Liverpool,FRA,Defender,57.2,44.34
Kevin Schade,Brentford,GER,Forward,29.7,43.77
Jarrod Bowen,West Ham,ENG,Forward,48.1,43.62
Gabriel Jesus,Arsenal,BRA,Forward,45.6,43.55
Kaoru Mitoma,Brighton,JPN,Forward,50.6,43.52
Rodrigo Bentancur,Tottenham,URU,Midfielder,31.5,43.29
Omari Hutchinson,Ipswich Town,ENG,Midfielder,27.4,43.04
Noussair Mazraoui,Manchester Utd,MAR,Defender,43.0,43.0
Simon Adingra,Brighton,CIV,Forward,34.0,42.69
Carlos Soler,West Ham,ESP,Midfielder,23.4,42.57
Matthijs de Ligt,Manchester Utd,NED,Defender,52.2,42.49
Bilal El Khannouss,Leicester City,MAR,Midfielder,40.6,42.46
Danny Welbeck,Brighton,ENG,Forward,6.0,42.32
Jacob Ramsey,Aston Villa,ENG,Forward,45.8,42.23
Nicolás González,Manchester City,ESP,Midfielder,48.4,42.23
Lewis Hall,Newcastle Utd,ENG,Defender,34.5,42.03
Diogo Dalot,Manchester Utd,POR,Defender,37.4,41.73
Guglielmo Vicario,Tottenham,ITA,Goalkeeper,41.6,41.6
John McGinn,Aston Villa,SCO,Midfielder,22.5,41.33
Joelinton,Newcastle Utd,BRA,Midfielder,47.5,41.23
Sandro Tonali,Newcastle Utd,ITA,Midfielder,52.9,40.74
Joe Willock,Newcastle Utd,ENG,Midfielder,35.8,40.4
Mikey Moore,Tottenham,ENG,Forward,23.7,40.34
Justin Kluivert,Bournemouth,NED,Midfielder,44.8,40.32
Bernardo Silva,Manchester City,POR,Midfielder,50.0,40.08
Jadon Sancho,Chelsea,ENG,Forward,37.7,39.94
Mason Mount,Manchester Utd,ENG,Midfielder,35.5,39.93
Yoane Wissa,Brentford,COD,Forward,31.4,39.86
Wesley Fofana,Chelsea,FRA,Defender,30.3,39.67
Micky van de Ven,Tottenham,NED,Defender,61.8,39.51
Valentino Livramento,Newcastle Utd,ENG,Defender,49.3,38.71
Luis Guilherme,West Ham,BRA,Midfielder,26.6,38.08
Nicolás Domínguez,Nott'ham Forest,ARG,Midfielder,18.8,38.06
Nikola Milenković,Nott'ham Forest,SRB,Defender,38.0,38.0
Manuel Akanji,Manchester City,SUI,Defender,42.8,37.92
Tyler Dibling,Southampton,ENG,Forward,32.7,37.91
Sander Berge,Fulham,NOR,Midfielder,27.8,37.64
Nathan Aké,Manchester City,NED,Defender,36.4,37.56
Toby Collyer,Manchester Utd,ENG,Midfielder,10.7,37.44
Jan Paul van Hecke,Brighton,NED,Defender,42.4,37.34
Vitaliy Mykolenko,Everton,UKR,Defender,33.5,37.17
Pervis Estupiñán,Brighton,ECU,Defender,37.1,37.1
Son Heung-min,Tottenham,KOR,Forward,30.7,37.07
Anthony Elanga,Nott'ham Forest,SWE,Forward,45.5,36.85
Jean-Philippe Mateta,Crystal Palace,FRA,Forward,31.7,36.77
Beto,Everton,GNB,Forward,24.4,36.77
Yasin Ayari,Brighton,SWE,Midfielder,21.4,36.7
Antoine Semenyo,Bournemouth,GHA,Forward,47.7,36.65
Evanilson,Bournemouth,BRA,Forward,26.9,36.56
Edson Álvarez,West Ham,MEX,Midfielder,36.5,36.5
Boubacar Kamara,Aston Villa,FRA,Midfielder,46.3,36.48
Marc Cucurella,Chelsea,ESP,Defender,39.4,36.19
Marcus Rashford,Manchester Utd,ENG,Forward,53.6,36.14
Reece James,Chelsea,ENG,Defender,37.3,35.85
Djed Spence,Tottenham,ENG,Defender,19.8,35.81
Harvey Barnes,Newcastle Utd,ENG,Forward,41.5,35.57
Taylor Harwood-Bellis,Southampton,ENG,Defender,29.9,35.3
Dango Ouattara,Bournemouth,BFA,Forward,28.5,35.1
André,Wolves,BRA,Midfielder,29.8,35.08
Pape Matar Sarr,Tottenham,SEN,Midfielder,50.8,34.77
Cristian Romero,Tottenham,ARG,Defender,60.1,34.71
Ibrahim Sangaré,Nott'ham Forest,CIV,Midfielder,34.6,34.6
Rodrigo Muniz,Fulham,BRA,Forward,8.2,34.52
Jarrad Branthwaite,Everton,ENG,Defender,32.2,34.4
Virgil van Dijk,Liverpool,NED,Defender,24.3,34.33
Wilson Odobert,Tottenham,FRA,Forward,25.1,34.24
André Onana,Manchester Utd,CMR,Goalkeeper,34.2,34.2
Facundo Buonanotte,Leicester City,ARG,Forward,30.7,33.99
Mateus Fernandes,Southampton,POR,Midfielder,22.5,33.79
Ben White,Arsenal,ENG,Defender,58.8,33.57
Daniel Muñoz,Crystal Palace,COL,Defender,30.9,33.54
Antonee Robinson,Fulham,USA,Defender,46.4,33.48
Donyell Malen,Aston Villa,NED,Forward,21.4,33.37
Benoît Badiashile,Chelsea,FRA,Defender,28.5,33.04
Jakub Kiwior,Arsenal,POL,Defender,25.0,32.9
Iliman Ndiaye,Everton,SEN,Forward,25.7,32.69
Kiernan Dewsbury-Hall,Chelsea,ENG,Midfielder,24.9,32.59
Nathan Collins,Brentford,IRL,Defender,33.3,32.4
Daichi Kamada,Crystal Palace,JPN,Midfielder,14.6,32.3
Trevoh Chalobah,Crystal Palace,ENG,Defender,20.1,32.26
Crysencio Summerville,West Ham,NED,Forward,25.9,32.15
Leon Bailey,Aston Villa,JAM,Forward,39.2,31.77
Casemiro,Manchester Utd,BRA,Midfielder,11.6,31.69
Cheick Doucouré,Crystal Palace,MLI,Midfielder,37.2,31.55
Pau Torres,Aston Villa,ESP,Defender,45.3,31.55
Tyrick Mitchell,Crystal Palace,ENG,Defender,24.6,30.93
Ian Maatsen,Aston Villa,NED,Defender,40.6,30.91
Jørgen Strand Larsen,Wolves,NOR,Forward,30.8,30.8
Bart Verbruggen,Brighton,NED,Goalkeeper,30.7,30.7
Marcus Tavernier,Bournemouth,ENG,Forward,24.4,30.65
Victor Bernth Kristiansen,Leicester City,DEN,Defender,23.9,30.31
Mikkel Damsgaard,Brentford,DEN,Midfielder,28.6,30.3
Sepp van den Berg,Brentford,NED,Defender,26.4,30.01
Conor Bradley,Liverpool,NIR,Defender,27.9,29.76
Axel Tuanzebe,Ipswich Town,COD,Defender,4.2,29.68
Lucas Bergvall,Tottenham,SWE,Midfielder,32.6,29.48
Aaron Wan-Bissaka,West Ham,ENG,Defender,26.9,29.3
Igor,Brighton,BRA,Defender,25.0,29.07
Dominic Calvert-Lewin,Everton,ENG,Forward,17.8,28.85
Chris Richards,Crystal Palace,USA,Defender,15.7,28.62
Oleksandr Zinchenko,Arsenal,UKR,Defender,19.9,28.56
Ismaila Sarr,Crystal Palace,SEN,Midfielder,25.7,28.55
Chris Wood,Nott'ham Forest,NZL,Forward,7.8,28.46
Radu Drăgușin,Tottenham,ROU,Defender,28.4,28.4
Andrew Robertson,Liverpool,SCO,Defender,24.0,28.39
Ezri Konsa,Aston Villa,ENG,Defender,42.7,28.31
Richarlison,Tottenham,BRA,Forward,26.7,27.99
Jacob Murphy,Newcastle Utd,ENG,Forward,17.9,27.76
Sean Longstaff,Newcastle Utd,ENG,Midfielder,21.3,27.62
Flynn Downes,Southampton,ENG,Midfielder,9.2,27.22
Kevin Danso,Tottenham,AUT,Defender,27.2,27.2
James Garner,Everton,ENG,Midfielder,23.2,27.19
Jaden Philogene Bidace,Aston Villa,ENG,Forward,22.3,27.1
Patrick Dorgu,Manchester Utd,DEN,Defender,31.5,27.05
Jack Hinshelwood,Brighton,ENG,Defender,9.2,27.02
Robert Sánchez,Chelsea,ESP,Goalkeeper,24.9,27.0
Boubakary Soumaré,Leicester City,FRA,Midfielder,15.4,26.98
Raúl Jiménez,Fulham,MEX,Forward,5.1,26.96
Diego Carlos,Aston Villa,BRA,Defender,4.4,26.59
Dara O'Shea,Ipswich Town,IRL,Defender,19.5,26.26
Lucas Digne,Aston Villa,FRA,Defender,13.6,26.22
Oliver Scarles,West Ham,ENG,Defender,8.7,26.18
Max Kilman,West Ham,ENG,Defender,36.7,26.03
Ola Aina,Nott'ham Forest,NGA,Defender,18.8,25.95
Filip Jørgensen,Chelsea,DEN,Goalkeeper,25.9,25.9
Gonçalo Guedes,Wolves,POR,Midfielder,16.2,25.83
Jacob Greaves,Ipswich Town,ENG,Defender,25.1,25.76
Kenny Tete,Fulham,NED,Defender,14.0,25.45
Morato,Nott'ham Forest,BRA,Defender,20.0,25.41
Jean-Clair Todibo,West Ham,FRA,Defender,36.0,25.3
Mateo Kovačić,Manchester City,CRO,Midfielder,25.3,25.3
Joe Gomez,Liverpool,ENG,Defender,25.3,25.25
Rayan Aït-Nouri,Wolves,ALG,Defender,45.0,25.2
Axel Disasi,Aston Villa,FRA,Defender,27.5,25.0
Fabio Carvalho,Brentford,POR,Forward,20.6,24.96
Cameron Archer,Southampton,ENG,Forward,18.6,24.89
Danilo,Nott'ham Forest,BRA,Midfielder,36.9,24.84
Jarell Quansah,Liverpool,ENG,Defender,26.2,24.83
Callum Hudson-Odoi,Nott'ham Forest,ENG,Forward,30.2,24.42
Tyler Adams,Bournemouth,USA,Midfielder,24.4,24.4
Keane Lewis-Potter,Brentford,ENG,Defender,27.1,24.39
Jefferson Lerma,Crystal Palace,COL,Midfielder,13.6,24.37
Alisson,Liverpool,BRA,Goalkeeper,24.1,24.1
Andreas Pereira,Fulham,BRA,Midfielder,19.0,23.92
Lewis Cook,Bournemouth,ENG,Midfielder,19.3,23.78
Will Hughes,Crystal Palace,ENG,Midfielder,11.1,23.74
Matty Cash,Aston Villa,POL,Defender,32.9,23.73
Leif Davis,Ipswich Town,ENG,Defender,28.2,23.67
Neco Williams,Nott'ham Forest,WAL,Defender,23.4,23.4
Yves Bissouma,Tottenham,MLI,Midfielder,29.8,23.23
Tomáš Souček,West Ham,CZE,Midfielder,23.2,23.2
Kostas Tsimikas,Liverpool,GRE,Defender,23.6,23.18
John Stones,Manchester City,ENG,Defender,29.7,23.18
Wilfred Ndidi,Leicester City,NGA,Midfielder,20.3,22.94
Alex Iwobi,Fulham,NGA,Forward,30.3,22.86
Calvin Bassey,Fulham,NGA,Defender,29.9,22.75
Dean Henderson,Crystal Palace,ENG,Goalkeeper,22.7,22.7
Jordan Pickford,Everton,ENG,Goalkeeper,22.6,22.6
Raheem Sterling,Arsenal,ENG,Forward,17.5,22.27
Mads Hermansen,Leicester City,DEN,Goalkeeper,19.8,22.01
Paul Onuachu,Southampton,NGA,Forward,12.7,22.01
Timothy Castagne,Fulham,BEL,Defender,17.4,22.0
James Ward-Prowse,West Ham,ENG,Midfielder,11.2,21.96
David Raya,Arsenal,ESP,Goalkeeper,28.9,21.72
Kepa Arrizabalaga,Bournemouth,ESP,Goalkeeper,12.0,21.68
Jota Silva,Nott'ham Forest,POR,Forward,17.4,21.66
Kristoffer Ajer,Brentford,NOR,Defender,21.5,21.61
Caoimhín Kelleher,Liverpool,IRL,Goalkeeper,20.9,20.9
Tosin Adarabioyo,Chelsea,ENG,Defender,24.3,20.77
Jake O'Brien,Everton,IRL,Defender,19.7,20.69
Toti Gomes,Wolves,POR,Defender,18.6,20.62
Harry Wilson,Fulham,WAL,Forward,14.5,20.44
Wout Faes,Leicester City,BEL,Defender,25.0,20.4
Thiago,Brentford,BRA,Forward,25.9,20.39
Álex Moreno,Nott'ham Forest,ESP,Defender,11.0,20.29
Ryan Yates,Nott'ham Forest,ENG,Midfielder,18.3,20.1
Matz Sels,Nott'ham Forest,BEL,Goalkeeper,9.1,19.96
Caleb Okoli,Leicester City,ITA,Defender,16.7,19.83
Emmanuel Agbadou,Wolves,CIV,Defender,18.0,19.79
Eddie Nketiah,Crystal Palace,ENG,Forward,24.8,19.73
Alphonse Areola,West Ham,FRA,Goalkeeper,11.8,19.61
Lesley Ugochukwu,Southampton,FRA,Midfielder,27.0,19.61
Konstantinos Mavropanos,West Ham,GRE,Defender,19.1,19.52
Marcos Senesi,Bournemouth,ARG,Defender,20.4,19.22
Ederson,Manchester City,BRA,Goalkeeper,19.1,19.1
Matt O'Riley,Brighton,DEN,Midfielder,25.6,19.08
Kamaldeen Sulemana,Southampton,GHA,Forward,18.5,18.9
Harry Maguire,Manchester Utd,ENG,Defender,13.7,18.7
Aaron Ramsdale,Southampton,ENG,Goalkeeper,18.7,18.7
Jack Clarke,Ipswich Town,ENG,Forward,19.4,18.69
Kyle Walker-Peters,Southampton,ENG,Defender,16.6,18.56
Issa Diop,Fulham,FRA,Defender,17.9,18.5
Marshall Munetsi,Wolves,ZIM,Midfielder,18.3,18.3
Niclas Füllkrug,West Ham,GER,Forward,13.4,18.19
Jesper Lindstrøm,Everton,DEN,Forward,24.4,18.02
Abdoulaye Doucouré,Everton,MLI,Midfielder,5.8,18.02
Jack Taylor,Ipswich Town,IRL,Midfielder,3.8,17.58
Emiliano Martínez,Aston Villa,ARG,Goalkeeper,17.5,17.5
Jorginho,Arsenal,ITA,Midfielder,5.3,17.46
James Tarkowski,Everton,ENG,Defender,11.8,17.42
Tyrone Mings,Aston Villa,ENG,Defender,5.8,17.02
Albert Grønbaek,Southampton,DEN,Forward,16.6,17.01
James Mcatee,Manchester City,ENG,Midfielder,19.8,17.0
Emerson Palmieri,West Ham,ITA,Defender,12.6,16.96
James Justin,Leicester City,ENG,Defender,17.0,16.85
Julian Araujo,Bournemouth,MEX,Defender,14.3,16.73
Luke Woolfenden,Ipswich Town,ENG,Defender,2.0,16.69
Enes Ünal,Bournemouth,TUR,Forward,16.4,16.18
Sammie Szmodics,Ipswich Town,IRL,Forward,14.1,16.18
Fabian Schär,Newcastle Utd,SUI,Defender,11.0,15.88
Sergio Reguilón,Tottenham,ESP,Defender,5.6,15.87
Marco Asensio,Aston Villa,ESP,Midfielder,19.6,15.86
Lamare Bogarde,Aston Villa,NED,Defender,6.0,15.78
Yukinari Sugawara,Southampton,JPN,Defender,15.7,15.7
Armando Broja,Everton,ALB,Forward,18.6,15.54
Luke Thomas,Leicester City,ENG,Defender,7.8,15.52
Andrés García,Aston Villa,ESP,Defender,10.4,15.32
Victor Lindelöf,Manchester Utd,SWE,Defender,13.5,15.31
Thomas Partey,Arsenal,GHA,Midfielder,15.2,15.2
James Hill,Bournemouth,ENG,Defender,2.1,15.1
Mats Wieffer,Brighton,NED,Midfielder,16.8,14.84
Christian Eriksen,Manchester Utd,DEN,Midfielder,4.2,14.78
Luke Shaw,Manchester Utd,ENG,Defender,17.5,14.41
Orel Mangala,Everton,BEL,Midfielder,24.4,14.37
Ramón Sosa,Nott'ham Forest,PAR,Forward,17.4,14.36
Jan Bednarek,Southampton,POL,Defender,12.9,14.17
Ross Barkley,Aston Villa,ENG,Midfielder,7.3,14.03
Bernd Leno,Fulham,GER,Goalkeeper,13.7,13.7
Tariq Lamptey,Brighton,GHA,Defender,13.6,13.6
Mark Flekken,Brentford,NED,Goalkeeper,13.6,13.6
David Brooks,Bournemouth,WAL,Forward,13.0,13.57
Hwang Hee-chan,Wolves,KOR,Midfielder,17.6,13.53
Conor Chaplin,Ipswich Town,ENG,Midfielder,9.8,13.49
Taiwo Awoniyi,Nott'ham Forest,NGA,Forward,20.2,12.76
Guido Rodríguez,West Ham,ARG,Midfielder,13.6,12.63
Antonín Kinský,Tottenham,CZE,Goalkeeper,20.0,12.35
Kieran Tierney,Arsenal,SCO,Defender,7.4,12.32
Christian Nørgaard,Brentford,DEN,Midfielder,14.4,12.25
Ashley Young,Everton,ENG,Defender,1.3,12.25
İlkay Gündoğan,Manchester City,GER,Midfielder,12.1,12.1
Saša Lukić,Fulham,SRB,Midfielder,12.1,12.1
Nick Pope,Newcastle Utd,ENG,Goalkeeper,11.7,11.7
Ayden Heaven,Manchester Utd,ENG,Defender,6.7,11.65
Alex Scott,Bournemouth,ENG,Midfielder,27.6,11.63
Jorge Cuenca,Fulham,ESP,Defender,7.8,11.22
Santiago Bueno,Wolves,URU,Defender,11.2,11.2
Solly March,Brighton,ENG,Forward,7.3,11.19
Mathias Jensen,Brentford,DEN,Midfielder,14.7,11.1
Wataru Endo,Liverpool,JPN,Midfielder,11.1,11.1
Nathan Patterson,Everton,SCO,Defender,19.9,10.59
Tim Iroegbunam,Everton,ENG,Midfielder,13.8,10.47
Tommy Doyle,Wolves,ENG,Midfielder,14.0,10.3
Adam Webster,Brighton,ENG,Defender,12.2,10.27
Ryan Christie,Bournemouth,SCO,Midfielder,16.2,10.21
Arijanet Muric,Ipswich Town,KVX,Goalkeeper,10.1,10.1
Yerson Mosquera,Wolves,COL,Defender,12.4,9.76
Adama Traoré,Fulham,ESP,Forward,8.0,9.58
Stefan Ortega,Manchester City,GER,Goalkeeper,5.8,9.51
Harry Winks,Leicester City,ENG,Midfielder,11.4,9.48
Abdul Fatawu Issahaku,Leicester City,GHA,Forward,21.9,9.31
Ben Davies,Tottenham,WAL,Defender,5.6,9.29
Lewis Dunk,Brighton,ENG,Defender,7.4,9.19
Jack Harrison,Everton,ENG,Forward,17.7,9.09
William Osula,Newcastle Utd,DEN,Forward,10.3,9.08
Danny Ings,West Ham,ENG,Forward,4.6,8.79
Tyrique George,Chelsea,ENG,Forward,15.7,8.67
Kalvin Phillips,Ipswich Town,ENG,Midfielder,17.2,8.58
José Sá,Wolves,POR,Goalkeeper,8.5,8.5
Vitaly Janelt,Brentford,GER,Midfielder,27.1,8.19
George Hirst,Ipswich Town,SCO,Forward,7.7,8.1
Sam Johnstone,Wolves,ENG,Goalkeeper,7.9,7.9
Ryan Sessegnon,Fulham,ENG,Forward,11.8,7.82
Kasey McAteer,Leicester City,IRL,Forward,1.5,7.66
Nélson Semedo,Wolves,POR,Defender,8.4,7.43
Yehor Yarmoliuk,Brentford,UKR,Midfielder,18.0,7.43
Kieran Trippier,Newcastle Utd,ENG,Defender,5.1,7.33
Carlos Forbs,Wolves,POR,Midfielder,13.0,7.23
Ethan Pinnock,Brentford,JAM,Defender,7.6,6.85
Joël Veltman,Brighton,NED,Defender,5.7,6.84
Harry Amass,Manchester Utd,ENG,Defender,0.7,6.75
Jens Cajuste,Ipswich Town,SWE,Midfielder,15.5,6.64
Nathan Broadhead,Ipswich Town,WAL,Midfielder,6.1,6.1
Jack Stephens,Southampton,ENG,Defender,1.4,5.88
Michail Antonio,West Ham,JAM,Forward,1.0,5.67
Adam Smith,Bournemouth,ENG,Defender,1.5,5.16
Callum Wilson,Newcastle Utd,ENG,Forward,7.3,5.06
Nathan Wood-Gordon,Southampton,ENG,Defender,6.1,5.02
Edmond-Paris Maghoma,Brentford,ENG,Midfielder,0.8,4.86
Vladimír Coufal,West Ham,CZE,Defender,4.8,4.8
Jamie Vardy,Leicester City,ENG,Forward,1.0,4.77
Ben Johnson,Ipswich Town,ENG,Defender,12.6,4.72
Oliver Skipp,Leicester City,ENG,Midfielder,17.0,4.71
Joe Aribo,Southampton,NGA,Midfielder,6.9,4.26
Patson Daka,Leicester City,ZAM,Forward,14.0,4.07
Matt Doherty,Wolves,IRL,Defender,4.2,4.0
Harrison Reed,Fulham,ENG,Midfielder,6.7,3.91
Stephy Mavididi,Leicester City,ENG,Forward,12.9,3.71
Luis Sinisterra,Bournemouth,COL,Forward,15.4,3.59
James Bree,Southampton,ENG,Defender,1.9,3.57
Timo Werner,Tottenham,GER,Forward,10.3,3.46
Dan Burn,Newcastle Utd,ENG,Defender,9.1,3.43
Conor Coady,Leicester City,ENG,Defender,2.2,3.05
Ryan Manning,Southampton,IRL,Defender,3.9,3.01
Ben Godfrey,Ipswich Town,ENG,Defender,10.5,2.96
Hákon Rafn Valdimarsson,Brentford,ISL,Goalkeeper,2.4,2.4
Idrissa Gana Gueye,Everton,SEN,Midfielder,5.0,2.15
Woyo Coulibaly,Leicester City,FRA,Defender,1.9,2.06
Cameron Burgess,Ipswich Town,AUS,Defender,1.7,1.7
Alex Palmer,Ipswich Town,ENG,Goalkeeper,1.6,1.6
Neto,Bournemouth,BRA,Goalkeeper,1.6,1.6
Jason Steele,Brighton,ENG,Goalkeeper,1.5,1.5
Christian Walton,Ipswich Town,ENG,Goalkeeper,1.4,1.4
Martin Dúbravka,Newcastle Utd,SVK,Goalkeeper,1.3,1.3
Sam Morsy,Ipswich Town,EGY,Midfielder,1.3,1.3
Ross Stewart,Southampton,SCO,Forward,2.8,1.19
Łukasz Fabiański,West Ham,POL,Goalkeeper,0.9,0.9
Robin Olsen,Aston Villa,SWE,Goalkeeper,0.9,0.9
Danny Ward,Leicester City,WAL,Goalkeeper,0.9,0.9
Fraser Forster,Tottenham,ENG,Goalkeeper,0.7,0.7
Jakub Stolarczyk,Leicester City,POL,Goalkeeper,0.7,0.7
Joe Lumley,Southampton,ENG,Goalkeeper,0.7,0.7
Alex McCarthy,Southampton,ENG,Goalkeeper,0.6,0.6
Emil Krafth,Newcastle Utd,SWE,Defender,2.0,0.19
Ryan Fraser,Southampton,SCO,Forward,2.3,0.1
Willy Boly,Nott'ham Forest,CIV,Defender,1.4,0.1
Welington,Southampton,BRA,Defender,4.0,0.1
Massimo Luongo,Ipswich Town,AUS,Midfielder,0.5,0.1
Justin Devenny,Crystal Palace,NIR,Midfielder,6.9,0.1
James Milner,Brighton,ENG,Midfielder,1.2,0.1
Wes Burns,Ipswich Town,WAL,Forward,2.1,0.1
Willian,Fulham,BRA,Forward,1.3,0.1
Michael Keane,Everton,ENG,Defender,2.3,0.1
Pablo Sarabia,Wolves,ESP,Midfielder,4.9,0.1
Odsonne Édouard,Crystal Palace,FRA,Midfielder,12.4,0.1
Adam Lallana,Southampton,ENG,Midfielder,0.9,0.1
Andy Irving,West Ham,SCO,Midfielder,6.5,0.1
Séamus Coleman,Everton,IRL,Defender,0.7,0.1
Ricardo Pereira,Leicester City,POR,Defender,4.1,0.1
Nathaniel Clyne,Crystal Palace,ENG,Defender,1.0,0.1
Sven Botman,Newcastle Utd,NED,Defender,52.7,0.1
Jannik Vestergaard,Leicester City,DEN,Defender,2.0,0.1
Bobby De Cordova-Reid,Leicester City,JAM,Forward,2.7,0.1
William Smallbone,Southampton,IRL,Midfielder,8.4,0.1
Tom Cairney,Fulham,SCO,Midfielder,1.5,0.1
Michael Kayode,Brentford,ITA,Defender,25.0,0.1
Jonny Evans,Manchester Utd,NIR,Defender,1.1,0.1
Craig Dawson,Wolves,ENG,Defender,1.5,0.1
Chiedozie Ogbene,Ipswich Town,IRL,Forward,9.8,0.1
Harry Toffolo,Nott'ham Forest,ENG,Defender,2.2,0.1
Ferdi Kadioglu,Brighton,TUR,Defender,37.4,0.1
Aaron Cresswell,West Ham,ENG,Defender,0.8,0.1
Armel Bella Kotchap,Southampton,GER,Defender,15.4,0.1
Ben Chilwell,Crystal Palace,ENG,Defender,20.4,0.1
Conor Townsend,Ipswich Town,ENG,Defender,1.2,0.1
Ben Mee,Brentford,ENG,Defender,0.9,0.1
Charlie Taylor,Southampton,ENG,Defender,2.1,0.1
